<application>
  <component name="DefaultFont">
    <option name="FONT_SIZE" value="13" />
    <option name="FONT_FAMILY" value="WenQuanYi Micro Hei Mono" />
    <option name="FONT_SCALE" value="0.75" />
  </component>
  <component name="EditorSettings">
    <option name="USE_SOFT_WRAPS" value="" />
    <option name="IS_WHEEL_FONTCHANGE_ENABLED" value="true" />
  </component>
  <component name="LiveEditOptions" chromeAutoDelay="30" chromeUpdateJSOnChanges="true" restartIfHotSwapFailed="true" useJBChromeExtension="true" />
</application>