<application>
  <component name="KeyPromoterXStatistic">
    <option name="statistics">
      <Statistic Action="Debug 'unkown.js'">
        <Item>
          <IdeaActionID>Debug</IdeaActionID>
          <ShortCut>'Shift+F9'</ShortCut>
          <Description>Debug 'unkown.js'</Description>
          <Count>2</Count>
        </Item>
      </Statistic>
      <Statistic Action="Debug...">
        <Item>
          <IdeaActionID>ChooseDebugConfiguration</IdeaActionID>
          <ShortCut>'Alt+Shift+F9'</ShortCut>
          <Description>Debug...</Description>
          <Count>3</Count>
        </Item>
      </Statistic>
      <Statistic Action="Declaration">
        <Item>
          <IdeaActionID>GotoDeclaration</IdeaActionID>
          <ShortCut>'Ctrl+B'</ShortCut>
          <Description>Declaration</Description>
          <Count>9</Count>
        </Item>
      </Statistic>
      <Statistic Action="File Path">
        <Item>
          <IdeaActionID>ShowFilePath</IdeaActionID>
          <ShortCut>'Ctrl+Alt+Shift+2'</ShortCut>
          <Description>File Path</Description>
          <Count>1</Count>
        </Item>
      </Statistic>
      <Statistic Action="Find Action...">
        <Item>
          <IdeaActionID>GotoAction</IdeaActionID>
          <ShortCut>'Ctrl+Shift+A'</ShortCut>
          <Description>Find Action...</Description>
          <Count>1</Count>
        </Item>
      </Statistic>
      <Statistic Action="Rerun 'unkown.js'">
        <Item>
          <IdeaActionID>Rerun</IdeaActionID>
          <ShortCut>'Ctrl+F5'</ShortCut>
          <Description>Rerun 'unkown.js'</Description>
          <Count>1</Count>
        </Item>
      </Statistic>
      <Statistic Action="Resume Program">
        <Item>
          <IdeaActionID>Resume</IdeaActionID>
          <ShortCut>'F9'</ShortCut>
          <Description>Resume Program</Description>
          <Count>1</Count>
        </Item>
      </Statistic>
      <Statistic Action="Run 'demo.html'">
        <Item>
          <IdeaActionID>Run</IdeaActionID>
          <ShortCut>'Shift+F10'</ShortCut>
          <Description>Run 'demo.html'</Description>
          <Count>2</Count>
        </Item>
      </Statistic>
      <Statistic Action="Run 'diyFun.js'">
        <Item>
          <IdeaActionID>Run</IdeaActionID>
          <ShortCut>'Shift+F10'</ShortCut>
          <Description>Run 'diyFun.js'</Description>
          <Count>1</Count>
        </Item>
      </Statistic>
      <Statistic Action="Run 'h5demo.html'">
        <Item>
          <IdeaActionID>RunClass</IdeaActionID>
          <ShortCut>'Ctrl+Shift+F10'</ShortCut>
          <Description>Run 'h5demo.html'</Description>
          <Count>1</Count>
        </Item>
      </Statistic>
      <Statistic Action="Run 'index.html'">
        <Item>
          <IdeaActionID>RunClass</IdeaActionID>
          <ShortCut>'Ctrl+Shift+F10'</ShortCut>
          <Description>Run 'index.html'</Description>
          <Count>1</Count>
        </Item>
      </Statistic>
      <Statistic Action="Run 'unkown.js'">
        <Item>
          <IdeaActionID>Run</IdeaActionID>
          <ShortCut>'Shift+F10'</ShortCut>
          <Description>Run 'unkown.js'</Description>
          <Count>2</Count>
        </Item>
      </Statistic>
      <Statistic Action="Run 'wechat2.html'">
        <Item>
          <IdeaActionID>RunClass</IdeaActionID>
          <ShortCut>'Ctrl+Shift+F10'</ShortCut>
          <Description>Run 'wechat2.html'</Description>
          <Count>1</Count>
        </Item>
      </Statistic>
      <Statistic Action="Step Over">
        <Item>
          <IdeaActionID>StepOver</IdeaActionID>
          <ShortCut>'F8'</ShortCut>
          <Description>Step Over</Description>
          <Count>14</Count>
        </Item>
      </Statistic>
    </option>
  </component>
</application>