<application>
  <component name="KeyPromoterXStatistic">
    <option name="statistics">
      <Statistic Action="Collapse">
        <Item>
          <IdeaActionID>CollapseRegion</IdeaActionID>
          <ShortCut>'Ctrl+NumPad -' or 'Ctrl+减号'</ShortCut>
          <Description>Collapse</Description>
          <Count>1</Count>
        </Item>
      </Statistic>
      <Statistic Action="Debug 'unkown.js'">
        <Item>
          <IdeaActionID>Debug</IdeaActionID>
          <ShortCut>'Shift+F9'</ShortCut>
          <Description>Debug 'unkown.js'</Description>
          <Count>2</Count>
        </Item>
      </Statistic>
      <Statistic Action="Debug...">
        <Item>
          <IdeaActionID>ChooseDebugConfiguration</IdeaActionID>
          <ShortCut>'Alt+Shift+F9'</ShortCut>
          <Description>Debug...</Description>
          <Count>3</Count>
        </Item>
      </Statistic>
      <Statistic Action="Declaration">
        <Item>
          <IdeaActionID>GotoDeclaration</IdeaActionID>
          <ShortCut>'Ctrl+B'</ShortCut>
          <Description>Declaration</Description>
          <Count>18</Count>
        </Item>
      </Statistic>
      <Statistic Action="File Path">
        <Item>
          <IdeaActionID>ShowFilePath</IdeaActionID>
          <ShortCut>'Ctrl+Alt+Shift+2'</ShortCut>
          <Description>File Path</Description>
          <Count>1</Count>
        </Item>
      </Statistic>
      <Statistic Action="Find Action...">
        <Item>
          <IdeaActionID>GotoAction</IdeaActionID>
          <ShortCut>'Ctrl+Shift+A'</ShortCut>
          <Description>Find Action...</Description>
          <Count>1</Count>
        </Item>
      </Statistic>
      <Statistic Action="Generate...">
        <Item>
          <IdeaActionID>Generate</IdeaActionID>
          <ShortCut>'Alt+Insert'</ShortCut>
          <Description>Generate...</Description>
          <Count>1</Count>
        </Item>
      </Statistic>
      <Statistic Action="Hide All Windows">
        <Item>
          <IdeaActionID>HideAllWindows</IdeaActionID>
          <ShortCut>'Ctrl+Shift+F12'</ShortCut>
          <Description>Hide All Windows</Description>
          <Count>1</Count>
        </Item>
      </Statistic>
      <Statistic Action="JavaScript File">
        <Item>
          <IdeaActionID>NewJavaScriptFile</IdeaActionID>
          <ShortCut>'Ctrl+Alt+J'</ShortCut>
          <Description>JavaScript File</Description>
          <Count>6</Count>
        </Item>
      </Statistic>
      <Statistic Action="Rerun 'demo1.js'">
        <Item>
          <IdeaActionID>Rerun</IdeaActionID>
          <ShortCut>'Ctrl+F5'</ShortCut>
          <Description>Rerun 'demo1.js'</Description>
          <Count>2</Count>
        </Item>
      </Statistic>
      <Statistic Action="Rerun 'unkown.js'">
        <Item>
          <IdeaActionID>Rerun</IdeaActionID>
          <ShortCut>'Ctrl+F5'</ShortCut>
          <Description>Rerun 'unkown.js'</Description>
          <Count>1</Count>
        </Item>
      </Statistic>
      <Statistic Action="Resume Program">
        <Item>
          <IdeaActionID>Resume</IdeaActionID>
          <ShortCut>'F9'</ShortCut>
          <Description>Resume Program</Description>
          <Count>1</Count>
        </Item>
      </Statistic>
      <Statistic Action="Run 'case1.js'">
        <Item>
          <IdeaActionID>RunClass</IdeaActionID>
          <ShortCut>'Ctrl+Shift+F10'</ShortCut>
          <Description>Run 'case1.js'</Description>
          <Count>3</Count>
        </Item>
      </Statistic>
      <Statistic Action="Run 'case3.js'">
        <Item>
          <IdeaActionID>RunClass</IdeaActionID>
          <ShortCut>'Ctrl+Shift+F10'</ShortCut>
          <Description>Run 'case3.js'</Description>
          <Count>1</Count>
        </Item>
      </Statistic>
      <Statistic Action="Run 'demo.html'">
        <Item>
          <IdeaActionID>Run</IdeaActionID>
          <ShortCut>'Shift+F10'</ShortCut>
          <Description>Run 'demo.html'</Description>
          <Count>2</Count>
        </Item>
      </Statistic>
      <Statistic Action="Run 'demo.js'">
        <Item>
          <IdeaActionID>RunClass</IdeaActionID>
          <ShortCut>'Ctrl+Shift+F10'</ShortCut>
          <Description>Run 'demo.js'</Description>
          <Count>2</Count>
        </Item>
      </Statistic>
      <Statistic Action="Run 'demo1.html'">
        <Item>
          <IdeaActionID>RunClass</IdeaActionID>
          <ShortCut>'Ctrl+Shift+F10'</ShortCut>
          <Description>Run 'demo1.html'</Description>
          <Count>6</Count>
        </Item>
      </Statistic>
      <Statistic Action="Run 'demo1.js (1)'">
        <Item>
          <IdeaActionID>RunClass</IdeaActionID>
          <ShortCut>'Ctrl+Shift+F10'</ShortCut>
          <Description>Run 'demo1.js (1)'</Description>
          <Count>21</Count>
        </Item>
      </Statistic>
      <Statistic Action="Run 'demo1.js'">
        <Item>
          <IdeaActionID>Run</IdeaActionID>
          <ShortCut>'Shift+F10'</ShortCut>
          <Description>Run 'demo1.js'</Description>
          <Count>6</Count>
        </Item>
      </Statistic>
      <Statistic Action="Run 'demo2.js'">
        <Item>
          <IdeaActionID>RunClass</IdeaActionID>
          <ShortCut>'Ctrl+Shift+F10'</ShortCut>
          <Description>Run 'demo2.js'</Description>
          <Count>2</Count>
        </Item>
      </Statistic>
      <Statistic Action="Run 'demo3.js'">
        <Item>
          <IdeaActionID>RunClass</IdeaActionID>
          <ShortCut>'Ctrl+Shift+F10'</ShortCut>
          <Description>Run 'demo3.js'</Description>
          <Count>5</Count>
        </Item>
      </Statistic>
      <Statistic Action="Run 'demo4.html'">
        <Item>
          <IdeaActionID>RunClass</IdeaActionID>
          <ShortCut>'Ctrl+Shift+F10'</ShortCut>
          <Description>Run 'demo4.html'</Description>
          <Count>1</Count>
        </Item>
      </Statistic>
      <Statistic Action="Run 'demo4.js'">
        <Item>
          <IdeaActionID>RunClass</IdeaActionID>
          <ShortCut>'Ctrl+Shift+F10'</ShortCut>
          <Description>Run 'demo4.js'</Description>
          <Count>7</Count>
        </Item>
      </Statistic>
      <Statistic Action="Run 'diyFun.js'">
        <Item>
          <IdeaActionID>Run</IdeaActionID>
          <ShortCut>'Shift+F10'</ShortCut>
          <Description>Run 'diyFun.js'</Description>
          <Count>1</Count>
        </Item>
      </Statistic>
      <Statistic Action="Run 'h5demo.html'">
        <Item>
          <IdeaActionID>RunClass</IdeaActionID>
          <ShortCut>'Ctrl+Shift+F10'</ShortCut>
          <Description>Run 'h5demo.html'</Description>
          <Count>1</Count>
        </Item>
      </Statistic>
      <Statistic Action="Run 'index.html'">
        <Item>
          <IdeaActionID>RunClass</IdeaActionID>
          <ShortCut>'Ctrl+Shift+F10'</ShortCut>
          <Description>Run 'index.html'</Description>
          <Count>2</Count>
        </Item>
      </Statistic>
      <Statistic Action="Run 'layout.html'">
        <Item>
          <IdeaActionID>RunClass</IdeaActionID>
          <ShortCut>'Ctrl+Shift+F10'</ShortCut>
          <Description>Run 'layout.html'</Description>
          <Count>7</Count>
        </Item>
      </Statistic>
      <Statistic Action="Run 'main.html'">
        <Item>
          <IdeaActionID>RunClass</IdeaActionID>
          <ShortCut>'Ctrl+Shift+F10'</ShortCut>
          <Description>Run 'main.html'</Description>
          <Count>5</Count>
        </Item>
      </Statistic>
      <Statistic Action="Run 'something.html'">
        <Item>
          <IdeaActionID>RunClass</IdeaActionID>
          <ShortCut>'Ctrl+Shift+F10'</ShortCut>
          <Description>Run 'something.html'</Description>
          <Count>1</Count>
        </Item>
      </Statistic>
      <Statistic Action="Run 'unkown.js'">
        <Item>
          <IdeaActionID>Run</IdeaActionID>
          <ShortCut>'Shift+F10'</ShortCut>
          <Description>Run 'unkown.js'</Description>
          <Count>2</Count>
        </Item>
      </Statistic>
      <Statistic Action="Run 'util.js'">
        <Item>
          <IdeaActionID>RunClass</IdeaActionID>
          <ShortCut>'Ctrl+Shift+F10'</ShortCut>
          <Description>Run 'util.js'</Description>
          <Count>1</Count>
        </Item>
      </Statistic>
      <Statistic Action="Run 'wechat2.html'">
        <Item>
          <IdeaActionID>RunClass</IdeaActionID>
          <ShortCut>'Ctrl+Shift+F10'</ShortCut>
          <Description>Run 'wechat2.html'</Description>
          <Count>1</Count>
        </Item>
      </Statistic>
      <Statistic Action="Run...">
        <Item>
          <IdeaActionID>ChooseRunConfiguration</IdeaActionID>
          <ShortCut>'Alt+Shift+F10'</ShortCut>
          <Description>Run...</Description>
          <Count>1</Count>
        </Item>
      </Statistic>
      <Statistic Action="Settings...">
        <Item>
          <IdeaActionID>ShowSettings</IdeaActionID>
          <ShortCut>'Ctrl+Alt+S'</ShortCut>
          <Description>Settings...</Description>
          <Count>4</Count>
        </Item>
      </Statistic>
      <Statistic Action="Start Quokka (Run Automatically)">
        <Item>
          <IdeaActionID>Quokka.RunQuokkaOnFileAutomatically</IdeaActionID>
          <ShortCut>'Ctrl+Alt+Q'</ShortCut>
          <Description>Start Quokka (Run Automatically)</Description>
          <Count>2</Count>
        </Item>
      </Statistic>
      <Statistic Action="Step Over">
        <Item>
          <IdeaActionID>StepOver</IdeaActionID>
          <ShortCut>'F8'</ShortCut>
          <Description>Step Over</Description>
          <Count>14</Count>
        </Item>
      </Statistic>
      <Statistic Action="Stop 'demo1.js'">
        <Item>
          <IdeaActionID>Stop</IdeaActionID>
          <ShortCut>'Ctrl+F2'</ShortCut>
          <Description>Stop 'demo1.js'</Description>
          <Count>1</Count>
        </Item>
      </Statistic>
      <Statistic Action="Stop 'something.html'">
        <Item>
          <IdeaActionID>Stop</IdeaActionID>
          <ShortCut>'Ctrl+F2'</ShortCut>
          <Description>Stop 'something.html'</Description>
          <Count>1</Count>
        </Item>
      </Statistic>
      <Statistic Action="Toggle Line Breakpoint">
        <Item>
          <IdeaActionID>ToggleLineBreakpoint</IdeaActionID>
          <ShortCut>'Ctrl+F8'</ShortCut>
          <Description>Toggle Line Breakpoint</Description>
          <Count>2</Count>
        </Item>
      </Statistic>
    </option>
  </component>
</application>