<application>
  <component name="BuiltInServerOptions" allowUnsignedRequests="true" />
  <component name="NodeJsLocalInterpreters">
    <local-interpreter path="/usr/bin/node" />
    <local-interpreter path="/usr/local/bin/node">
      <version-cache version="11.10.0" last-modified="1550631165000" />
    </local-interpreter>
  </component>
  <component name="PropertiesComponent">
    <property name="ColorChooser.RecentColors" value="255-255-255-255" />
    <property name="ExpandBeforeRunStepsPanel" value="true" />
    <property name="ExpandRunDashboardTypesPanel" value="false" />
    <property name="FileTemplates.SelectedTemplate" value="HTML File" />
    <property name="PluginConfigurable.selectionTab" value="1" />
    <property name="SettingsSearchHistory" value="comp&#10;wrap" />
    <property name="TrendingPluginsSearchHistory" value="Themes&#10;Regex&#10;Change Case&#10;min&#10;Icon" />
    <property name="WebStorm.enableDefaultTooltipFixes" value="true" />
    <property name="WebStorm.enableSmartQuotes" value="true" />
    <property name="WebStorm.initialConfigurationShown" value="true" />
    <property name="evlsprt3.183" value="16" />
    <property name="export.settings.path" value="$USER_HOME$/webstorm-settings.zip" />
    <property name="file.chooser.recent.files" value="$USER_HOME$/WebstormProjects/untitled&#10;/home/saga/workspace/webstorm-settings.zip&#10;/home/saga/WebstormProjects/cpts_958_csb" />
    <property name="file.gist.reindex.count" value="82" />
    <property name="js.overrides.completion" value="true" />
    <property name="js.var.names.completion" value="true" />
    <property name="mt.showStatisticsAgreement" value="true" />
    <property name="selected.color.option.type" value="RIGHT_MARGIN_COLOR" />
    <property name="settings.code.style.selected.tab.HTML" value="Tabs and Indents" />
    <property name="settings.code.style.selected.tab.JSON" value="Wrapping and Braces" />
    <property name="settings.code.style.selected.tab.JavaScript" value="Wrapping and Braces" />
    <property name="settings.code.style.selected.tab.TypeScript" value="Wrapping and Braces" />
    <property name="settings.code.style.selected.tab.XML" value="Tabs and Indents" />
    <property name="settings.code.style.selected.tab.yaml" value="Wrapping and Braces" />
    <property name="ts.lib.d.ts.version" value="3.2.1" />
  </component>
</application>