<application>
  <component name="BuiltInServerOptions" allowUnsignedRequests="true" />
  <component name="NodeJsLocalInterpreters">
    <local-interpreter path="/usr/bin/node">
      <version-cache version="4.2.6" last-modified="1533846615000" />
    </local-interpreter>
    <local-interpreter path="/usr/local/bin/node">
      <version-cache version="11.10.0" last-modified="1550631165000" />
    </local-interpreter>
  </component>
  <component name="PropertiesComponent">
    <property name="ColorChooser.RecentColors" value="255-255-255-255" />
    <property name="Darcula.SavedEditorTheme" value="_@user_Darcula" />
    <property name="ExpandBeforeRunStepsPanel" value="true" />
    <property name="ExpandRunDashboardTypesPanel" value="false" />
    <property name="FileTemplates.SelectedTemplate" value="XHTML File" />
    <property name="PluginConfigurable.selectionTab" value="1" />
    <property name="SettingsSearchHistory" value="mater&#10;met&#10;comp&#10;wrap" />
    <property name="TrendingPluginsSearchHistory" value="code&#10;Themes&#10;Regex&#10;Change Case&#10;min" />
    <property name="WebStorm.enableDefaultTooltipFixes" value="true" />
    <property name="WebStorm.enableSmartQuotes" value="true" />
    <property name="WebStorm.initialConfigurationShown" value="true" />
    <property name="evlsprt3.183" value="16" />
    <property name="export.settings.path" value="$USER_HOME$/webstorm-settings.zip" />
    <property name="file.chooser.recent.files" value="$USER_HOME$/tearching/web-develop-case&#10;/home/saga/tearching&#10;/home/saga/WebstormProjects/untitled1&#10;/home/saga/WebstormProjects/untitled&#10;/home/saga/workspace/webstorm-settings.zip&#10;/home/saga/WebstormProjects/cpts_958_csb" />
    <property name="file.gist.reindex.count" value="88" />
    <property name="js.extract.function.global.scope.was.selected" value="true" />
    <property name="js.overrides.completion" value="true" />
    <property name="js.var.names.completion" value="true" />
    <property name="mt.showStatisticsAgreement" value="true" />
    <property name="selected.color.option.type" value="RIGHT_MARGIN_COLOR" />
    <property name="settings.code.style.selected.tab.HTML" value="Arrangement" />
    <property name="settings.code.style.selected.tab.JSON" value="Wrapping and Braces" />
    <property name="settings.code.style.selected.tab.JavaScript" value="Wrapping and Braces" />
    <property name="settings.code.style.selected.tab.TypeScript" value="Wrapping and Braces" />
    <property name="settings.code.style.selected.tab.XML" value="Tabs and Indents" />
    <property name="settings.code.style.selected.tab.yaml" value="Wrapping and Braces" />
    <property name="ts.lib.d.ts.version" value="3.2.1" />
  </component>
</application>