<keymap version="1" name="Default copy" parent="Default for XWin">
  <action id="CallHierarchy" />
  <action id="ChangesView.ShelveSilently" />
  <action id="DartCallHierarchy.BaseOnThisFunction" />
  <action id="IntroduceConstant" />
  <action id="NewDir">
    <keyboard-shortcut first-keystroke="ctrl alt d" />
  </action>
  <action id="NewJavaScriptFile">
    <keyboard-shortcut first-keystroke="ctrl alt j" />
  </action>
  <action id="NewStylesheetFile">
    <keyboard-shortcut first-keystroke="ctrl alt c" />
  </action>
  <action id="Quokka.RunQuokkaOnFileAutomatically">
    <keyboard-shortcut first-keystroke="ctrl alt q" />
  </action>
  <action id="SurroundWithLiveTemplate" />
</keymap>